layer,unit,description
layer1,0,wildlife
layer1,3, label
layer1,5, purchasing
layer1,17, illustrations
layer1,23, yellow
layer1,28, stalls
layer1,50, webcasts
layer1,55, habitat
layer1,58, succeed
layer1,60, signage
layer1,63, zebra
layer1,73, fluorescence
layer1,74, panasonic
layer1,77, monitors
layer1,81, flower
layer1,83, barber
layer1,90, purple
layer1,92, underoath
layer1,104, travelocity
layer1,106, ghz
layer1,110, bw
layer1,121, illumination
layer1,129, purple
layer1,132, cover
layer1,133, clarinet
layer1,146, badge
layer1,147, priest
layer1,148, label
layer1,149, accelerator
layer1,153, veterinary
layer1,154, male
layer1,158, discontinued
layer1,162, decal
layer1,171, motif
layer1,179, advertisement
layer1,181, organ
layer1,187, colorful
layer1,189, mating
layer1,190, softcover
layer1,197, guitar
layer1,198, coherence
layer1,222, ambulance
layer1,227, pink
layer1,232, platforms
layer1,235, snorkeling
layer1,236, colorful
layer1,237, leopard
layer1,239, male
layer1,245, zebra
layer1,252, toolkit
layer2,84,fruit
layer2,339, female
layer2,469, brushes
layer2,326, lumber
layer2,384, webs
layer2,1, habitat
layer2,362, afghan
layer2,12, zipper
layer2,458, subchapter
layer2,188, camcorder
layer2,495, skis
layer2,282, organ
layer2,196, firefighter
layer2,330, squirrel
layer2,92, customizing
layer2,412, scooters
layer2,323, pocketpc
layer2,340, vehicle
layer2,160, aircraft
layer2,100, insect
layer2,114, ultraviolet
layer2,66, pavilion
layer2,478, ui
layer2,379, aquaculture
layer2,446, kite
layer2,94, flores
layer2,47, tapping
layer2,294, manufacturer
layer2,149, courtyard
layer2,163, tamiflu
layer2,348, tuner
layer2,335, slashdot
layer2,260, ordered
layer2,123, book
layer2,51, fluorescence
layer2,349, label
layer2,312, motorized
layer2,381, stickers
layer2,4, instruments
layer2,482, crab
layer2,283, fluorescence
layer2,111, zebra
layer2,200, parrot
layer2,331, vegetables
layer2,334, zebra
layer2,87, appliances
layer2,465, banjo
layer2,145, crane
layer2,206, towing
layer2,271, dresser
layer3,846,slashdot
layer3,835, cote
layer3,781, dogs
layer3,237, bedroom
layer3,873, whirlpool
layer3,253, fox
layer3,318, soccer
layer3,327, female
layer3,154, pedigree
layer3,1008, serviced
layer3,361, bottles
layer3,816, guinea
layer3,418, mug
layer3,8, monitors
layer3,412, motif
layer3,627, female
layer3,306, childcare
layer3,438, components
layer3,535, larvae
layer3,819, gong
layer3,248, cavalier
layer3,388, collier
layer3,853, backpacks
layer3,541, vehicles
layer3,749, bureau
layer3,924, dog
layer3,217, produce
layer3,201, basement
layer3,107, buses
layer3,661, broccoli
layer3,1015, tableware
layer3,355, performing
layer3,352, bus
layer3,828, dog
layer3,415, homemade
layer3,292, embroidered
layer3,471, brokeback
layer3,793, antique
layer3,763, ginger
layer3,529, juvenile
layer3,965, ibis
layer3,28, roxy
layer3,76, kart
layer3,495, puppy
layer3,984, lighter
layer3,440, mating
layer3,492, swimwear
layer3,713, implements
layer3,88, dogs
layer3,376, hitachi
layer4,1039,helmet
layer4,1772, lotion
layer4,1602, wraps
layer4,1915, guitar
layer4,1592, landmarks
layer4,1798, playing
layer4,1997, crossword
layer4,502, billiards
layer4,1801, habitat
layer4,1022, wedding
layer4,1375, dishwasher
layer4,2009, infant
layer4,1278, tastes
layer4,832, paddle
layer4,285, bubbles
layer4,1985, bedrooms
layer4,144, breastfeeding
layer4,1633, mushrooms
layer4,1200, pouch
layer4,1929, wine
layer4,14, birding
layer4,1877, telephones
layer4,1013, stocking
layer4,991, kiosk
layer4,1032, monitors
layer4,1149, pottery
layer4,364, joystick
layer4,587, volleyball
layer4,1474, carts
layer4,929, terrier
layer4,345, brace
layer4,509, lipstick
layer4,363, pills
layer4,1734, juvenile
layer4,931, musicians
layer4,1140, lock
layer4,1544, basketball
layer4,1083, perfumes
layer4,1008, bureau
layer4,1363, freight
layer4,96, manufacturer
layer4,758, blanket
layer4,901, mosquito
layer4,570, carpenter
layer4,591, wallets
layer4,697, fountains
layer4,1326, parfum
layer4,1499, sunglasses
layer4,1946, wedding
layer4,1511, dogs
